{"Numero": 58, "x_0": -3969, "z_0": -7807, "R_0": 0.3852933853054291, "G_0": 0.4000787615726922, "mu_0": 852, "E_0": 8600155210, "vol_0": 115821153}