{"Numero": 35, "x_0": -5742, "z_0": -3024, "R_0": 0.5359325138112393, "G_0": 0.6941460060977122, "mu_0": 883, "E_0": 9443428112, "vol_0": 11638364}