{"Numero": 55, "x_0": 6848, "z_0": -4745, "R_0": 0.11724833450887286, "G_0": 0.7099049260576926, "mu_0": 198, "E_0": 4691742395, "vol_0": 361276601}