{"Numero": 70, "x_0": -14931, "z_0": -8898, "R_0": 0.5998057983102902, "G_0": 0.6095308146630385, "mu_0": 842, "E_0": 7946661992, "vol_0": 278957146}