{"Numero": 43, "x_0": 6146, "z_0": -7170, "R_0": 0.40601353312350524, "G_0": 0.4173269994983082, "mu_0": 102, "E_0": 3451239310, "vol_0": 97755349}