{"Numero": 72, "x_0": 12566, "z_0": -4275, "R_0": 0.5472997017554739, "G_0": 0.45307177101780727, "mu_0": 515, "E_0": 5684681251, "vol_0": 54522734}