{"Numero": 6, "x_0": 11563, "z_0": -6725, "R_0": 0.21688397708563012, "G_0": 0.5862656720158326, "mu_0": 152, "E_0": 4109790132, "vol_0": 418024857}