{"Numero": 76, "x_0": -1131, "z_0": -6682, "R_0": 0.41619271696612564, "G_0": 0.390285949938316, "mu_0": 312, "E_0": 2480226380, "vol_0": 447325294}