{"Numero": 15, "x_0": -12830, "z_0": -4880, "R_0": 0.33989432804438496, "G_0": 0.6123317032788669, "mu_0": 420, "E_0": 8062931466, "vol_0": 303579317}