{"Numero": 28, "x_0": 8021, "z_0": -2108, "R_0": 0.2445551957242171, "G_0": 0.3881527342223765, "mu_0": 754, "E_0": 6484159521, "vol_0": 197275552}