{"Numero": 71, "x_0": 13955, "z_0": -9486, "R_0": 0.06932175952751425, "G_0": 0.47821175041583647, "mu_0": 876, "E_0": 2659787206, "vol_0": 451774549}