{"Numero": 63, "x_0": 9798, "z_0": -2806, "R_0": 0.29001227924712664, "G_0": 0.6292017444724922, "mu_0": 484, "E_0": 6167786960, "vol_0": 472049690}