{"Numero": 7, "x_0": -1695, "z_0": -7218, "R_0": 0.1817361701520412, "G_0": 0.5398494641328346, "mu_0": 633, "E_0": 2527411910, "vol_0": 212501392}