{"Numero": 18, "x_0": 13921, "z_0": -7610, "R_0": 0.2717760858123391, "G_0": 0.6964791003990697, "mu_0": 943, "E_0": 2616722751, "vol_0": 443766954}