{"Numero": 77, "x_0": -3906, "z_0": -4033, "R_0": 0.035704582219669434, "G_0": 0.6790174362705463, "mu_0": 335, "E_0": 7914164012, "vol_0": 477892851}