{"Numero": 91, "x_0": -13069, "z_0": -9464, "R_0": 0.18592834070107297, "G_0": 0.4499744235010823, "mu_0": 135, "E_0": 9629773709, "vol_0": 222741601}