{"Numero": 13, "x_0": -12724, "z_0": -4399, "R_0": 0.5211144198079185, "G_0": 0.6425535598460701, "mu_0": 666, "E_0": 9862337262, "vol_0": 307211622}