{"Numero": 20, "x_0": 11164, "z_0": -2634, "R_0": 0.07046121065025601, "G_0": 0.5176691968759947, "mu_0": 305, "E_0": 8549213813, "vol_0": 496457537}