{"Numero": 48, "x_0": -10640, "z_0": -1990, "R_0": 0.37442078803364803, "G_0": 0.31351546008373504, "mu_0": 100, "E_0": 3573110033, "vol_0": 21670857}