{"Numero": 10, "x_0": -9238, "z_0": -9847, "R_0": 0.5837130452824412, "G_0": 0.4946022153600366, "mu_0": 828, "E_0": 8254917577, "vol_0": 241526905}