{"Numero": 46, "x_0": -6538, "z_0": -5952, "R_0": 0.5313675681995595, "G_0": 0.4480663268264276, "mu_0": 823, "E_0": 8747774210, "vol_0": 96845942}