{"Numero": 37, "x_0": 7065, "z_0": -3068, "R_0": 0.11306679845315024, "G_0": 0.79319015034868, "mu_0": 319, "E_0": 4517334029, "vol_0": 39720062}