{"Numero": 33, "x_0": 9207, "z_0": -6666, "R_0": 0.007531692827152691, "G_0": 0.7217156383591883, "mu_0": 703, "E_0": 3049872030, "vol_0": 24565866}