{"Numero": 96, "x_0": -5994, "z_0": -6969, "R_0": 0.4528598898886178, "G_0": 0.7734354663906009, "mu_0": 232, "E_0": 6769450917, "vol_0": 331789911}