{"Numero": 89, "x_0": -10580, "z_0": -2233, "R_0": 0.39056173822312856, "G_0": 0.5115257670748421, "mu_0": 371, "E_0": 8723192055, "vol_0": 362494940}