{"Numero": 53, "x_0": -9542, "z_0": -5420, "R_0": 0.37326127080714117, "G_0": 0.5866151794614152, "mu_0": 840, "E_0": 2350651779, "vol_0": 467198235}