{"Numero": 3, "x_0": 4247, "z_0": -5726, "R_0": 0.3246057046334939, "G_0": 0.5629919674526114, "mu_0": 439, "E_0": 8227380772, "vol_0": 486820992}