{"Numero": 42, "x_0": -9338, "z_0": -5787, "R_0": 0.012438763788657936, "G_0": 0.7264671496908934, "mu_0": 326, "E_0": 7162186840, "vol_0": 263884128}