{"Numero": 98, "x_0": 9842, "z_0": -6508, "R_0": 0.23663644633992537, "G_0": 0.2645913280676728, "mu_0": 239, "E_0": 1297506159, "vol_0": 475543797}