{"Numero": 1, "x_0": -5934, "z_0": -9155, "R_0": 0.020512290778613274, "G_0": 0.715006048276303, "mu_0": 684, "E_0": 4489252437, "vol_0": 138494597}