{"Numero": 90, "x_0": 4324, "z_0": -6532, "R_0": 0.0653043670747762, "G_0": 0.43959504596369137, "mu_0": 858, "E_0": 3221609260, "vol_0": 357488306}