{"Numero": 67, "x_0": -13751, "z_0": -2886, "R_0": 0.5305545502581563, "G_0": 0.6067581809749133, "mu_0": 165, "E_0": 9918469773, "vol_0": 61015131}