{"Numero": 45, "x_0": 676, "z_0": -8634, "R_0": 0.11554670277164891, "G_0": 0.4542433182198244, "mu_0": 656, "E_0": 6691101524, "vol_0": 480916991}