{"Numero": 88, "x_0": -6222, "z_0": -7117, "R_0": 0.3635918259937808, "G_0": 0.6698263385257663, "mu_0": 905, "E_0": 6400684968, "vol_0": 133704085}