{"Numero": 32, "x_0": -6981, "z_0": -9350, "R_0": 0.38436816345563657, "G_0": 0.29720216945025296, "mu_0": 440, "E_0": 7207041725, "vol_0": 107872060}