{"Numero": 17, "x_0": 9758, "z_0": -1650, "R_0": 0.039767612165905165, "G_0": 0.42322520713418516, "mu_0": 858, "E_0": 2081746645, "vol_0": 77225450}