{"Numero": 52, "x_0": 6221, "z_0": -7718, "R_0": 0.06926775998310312, "G_0": 0.6758292183600911, "mu_0": 247, "E_0": 4562229994, "vol_0": 485947773}