{"Numero": 75, "x_0": 12562, "z_0": -7106, "R_0": 0.47874467821188704, "G_0": 0.3697064793940006, "mu_0": 518, "E_0": 3297615475, "vol_0": 27892157}