{"Numero": 62, "x_0": 11188, "z_0": -6818, "R_0": 0.12181054650275136, "G_0": 0.6112636881338971, "mu_0": 322, "E_0": 4884242348, "vol_0": 467098555}