{"Numero": 34, "x_0": -4295, "z_0": -7731, "R_0": 0.5368018447372284, "G_0": 0.21768000376505514, "mu_0": 365, "E_0": 8136047153, "vol_0": 173223538}