{"Numero": 83, "x_0": 5588, "z_0": -1252, "R_0": 0.1689605807802542, "G_0": 0.4065227155945355, "mu_0": 549, "E_0": 7096007506, "vol_0": 285190259}