{"Numero": 8, "x_0": 3039, "z_0": -2246, "R_0": 0.5490805008022179, "G_0": 0.5068269698596892, "mu_0": 917, "E_0": 2815078689, "vol_0": 64853514}