{"Numero": 80, "x_0": 14109, "z_0": -4228, "R_0": 0.45906346441493595, "G_0": 0.3047003141042728, "mu_0": 599, "E_0": 5797602336, "vol_0": 8943005}