{"Numero": 92, "x_0": -9871, "z_0": -5827, "R_0": 0.3577727294928093, "G_0": 0.2671485443798524, "mu_0": 338, "E_0": 9335490468, "vol_0": 70631786}