{"Numero": 84, "x_0": -4754, "z_0": -9528, "R_0": 0.3149686375152834, "G_0": 0.7013527140528839, "mu_0": 433, "E_0": 5284490565, "vol_0": 126899345}