{"Numero": 85, "x_0": -13031, "z_0": -2494, "R_0": 0.5063507819646063, "G_0": 0.3325828886243617, "mu_0": 380, "E_0": 1111752619, "vol_0": 266740036}