{"Numero": 69, "x_0": -9514, "z_0": -7972, "R_0": 0.2934420650287978, "G_0": 0.6323294223911498, "mu_0": 290, "E_0": 8645194143, "vol_0": 228168200}