{"Numero": 49, "x_0": -1128, "z_0": -4461, "R_0": 0.5026761435640156, "G_0": 0.589017201433969, "mu_0": 448, "E_0": 2949839267, "vol_0": 219174302}