{"Numero": 95, "x_0": -6095, "z_0": -5751, "R_0": 0.0358562822902041, "G_0": 0.3957179231898676, "mu_0": 336, "E_0": 8659030814, "vol_0": 276662359}