{"Numero": 4, "x_0": -4424, "z_0": -5021, "R_0": 0.30123383297766676, "G_0": 0.23294158193392656, "mu_0": 685, "E_0": 9341602567, "vol_0": 484899984}