{"Numero": 99, "x_0": -13581, "z_0": -8920, "R_0": 0.12254904894718571, "G_0": 0.4671838220363284, "mu_0": 825, "E_0": 7754072069, "vol_0": 138526035}