{"Numero": 68, "x_0": -3920, "z_0": -6956, "R_0": 0.5970333574949505, "G_0": 0.513198247964108, "mu_0": 747, "E_0": 5466219081, "vol_0": 35086376}