{"Numero": 61, "x_0": -6108, "z_0": -5871, "R_0": 0.36951470962575855, "G_0": 0.7782210670152996, "mu_0": 631, "E_0": 6863935118, "vol_0": 116439518}