{"Numero": 5, "x_0": 9082, "z_0": -1655, "R_0": 0.38291413307505806, "G_0": 0.36275010182134665, "mu_0": 939, "E_0": 6285772112, "vol_0": 62614031}