{"Numero": 59, "x_0": -220, "z_0": -6558, "R_0": 0.19735491729356364, "G_0": 0.5912941414095738, "mu_0": 882, "E_0": 1374716227, "vol_0": 429529609}