{"Numero": 86, "x_0": -4530, "z_0": -5797, "R_0": 0.37597499147384594, "G_0": 0.7227202891296427, "mu_0": 123, "E_0": 5706293025, "vol_0": 291517778}