{"Numero": 54, "x_0": -5661, "z_0": -3944, "R_0": 0.4032121301189885, "G_0": 0.6286358939159562, "mu_0": 285, "E_0": 6481675020, "vol_0": 10876249}