{"Numero": 25, "x_0": 2434, "z_0": -9231, "R_0": 0.036751515408652444, "G_0": 0.6945239494960987, "mu_0": 689, "E_0": 9375038113, "vol_0": 454968105}