{"Numero": 26, "x_0": -952, "z_0": -5261, "R_0": 0.5137697914264153, "G_0": 0.31944137959028407, "mu_0": 872, "E_0": 5410625401, "vol_0": 375677878}