{"Numero": 93, "x_0": 5101, "z_0": -5975, "R_0": 0.474781391465168, "G_0": 0.7860972665290755, "mu_0": 135, "E_0": 9089464580, "vol_0": 168978800}