{"Numero": 38, "x_0": 6293, "z_0": -6599, "R_0": 0.13274778272954313, "G_0": 0.2768191811490809, "mu_0": 111, "E_0": 2339089641, "vol_0": 104637172}