{"Numero": 0, "x_0": 12293, "z_0": -4257, "R_0": 0.03618092201433689, "G_0": 0.22143446556469287, "mu_0": 702, "E_0": 6210475752, "vol_0": 370414223}