{"Numero": 64, "x_0": 4157, "z_0": -6552, "R_0": 0.15141503269161696, "G_0": 0.22712701444180208, "mu_0": 832, "E_0": 9582217631, "vol_0": 311604878}