{"Numero": 47, "x_0": 10062, "z_0": -4607, "R_0": 0.16531318226711725, "G_0": 0.5625338347779758, "mu_0": 792, "E_0": 5761708935, "vol_0": 460330039}