{"Numero": 44, "x_0": 10941, "z_0": -8319, "R_0": 0.14396194408894789, "G_0": 0.20322267796800308, "mu_0": 943, "E_0": 7922173313, "vol_0": 41445367}