{"Numero": 51, "x_0": 13630, "z_0": -9074, "R_0": 0.2530245855774423, "G_0": 0.5895174264059946, "mu_0": 745, "E_0": 4519251836, "vol_0": 97537332}