{"Numero": 39, "x_0": 408, "z_0": -9118, "R_0": 0.5986553165761305, "G_0": 0.39416354144841026, "mu_0": 590, "E_0": 1873250874, "vol_0": 405173762}