{"Numero": 78, "x_0": 1001, "z_0": -2676, "R_0": 0.34382505530582214, "G_0": 0.7445123647871761, "mu_0": 443, "E_0": 1804642199, "vol_0": 455471576}