{"Numero": 2, "x_0": -4880, "z_0": -1305, "R_0": 0.10901560269930362, "G_0": 0.3929199334903425, "mu_0": 107, "E_0": 6435504584, "vol_0": 290884052}