{"Numero": 22, "x_0": -10202, "z_0": -8107, "R_0": 0.13429838460794075, "G_0": 0.5124880638916866, "mu_0": 896, "E_0": 5330357886, "vol_0": 294842583}