{"Numero": 81, "x_0": -11842, "z_0": -4424, "R_0": 0.45412201249611833, "G_0": 0.2688975435509039, "mu_0": 211, "E_0": 9010065948, "vol_0": 436708074}