{"Numero": 19, "x_0": -5340, "z_0": -4794, "R_0": 0.12440270216959809, "G_0": 0.3102238430050003, "mu_0": 891, "E_0": 5086720245, "vol_0": 127005582}