{"Numero": 16, "x_0": -14098, "z_0": -9577, "R_0": 0.2783406862859173, "G_0": 0.35725153381773145, "mu_0": 456, "E_0": 1468432186, "vol_0": 162906636}