{"Numero": 60, "x_0": 6804, "z_0": -5617, "R_0": 0.13820672898896813, "G_0": 0.6125821371127187, "mu_0": 281, "E_0": 7098629851, "vol_0": 298833290}