{"Numero": 24, "x_0": 2877, "z_0": -3236, "R_0": 0.2813473433313689, "G_0": 0.7274669912441545, "mu_0": 781, "E_0": 5610226170, "vol_0": 194176164}