{"Numero": 12, "x_0": -13672, "z_0": -4776, "R_0": 0.043285460571139155, "G_0": 0.3056166199028329, "mu_0": 625, "E_0": 1865848257, "vol_0": 34146342}