{"Numero": 27, "x_0": 8725, "z_0": -3250, "R_0": 0.28173662132167726, "G_0": 0.38289509588924275, "mu_0": 645, "E_0": 1003754030, "vol_0": 15232191}