{"Numero": 31, "x_0": 4555, "z_0": -2592, "R_0": 0.49804244528287006, "G_0": 0.7519768678059575, "mu_0": 832, "E_0": 1144943384, "vol_0": 65697540}