{"Numero": 41, "x_0": 10865, "z_0": -8998, "R_0": 0.25310638552253195, "G_0": 0.7723580367510463, "mu_0": 481, "E_0": 1389627857, "vol_0": 414498082}