{"Numero": 66, "x_0": -9838, "z_0": -6404, "R_0": 0.5244970851609709, "G_0": 0.41402117038971764, "mu_0": 638, "E_0": 8294600055, "vol_0": 299205309}