{"Numero": 74, "x_0": -5533, "z_0": -1500, "R_0": 0.5531959882325712, "G_0": 0.25661700015210204, "mu_0": 648, "E_0": 8297901780, "vol_0": 91512139}