{"Numero": 14, "x_0": -14467, "z_0": -1963, "R_0": 0.027137187110919146, "G_0": 0.5404475941749671, "mu_0": 902, "E_0": 4352732987, "vol_0": 295421539}