{"Numero": 65, "x_0": 1463, "z_0": -8185, "R_0": 0.1697555949330676, "G_0": 0.5452558621099587, "mu_0": 715, "E_0": 9857927054, "vol_0": 450508876}