{"Numero": 9, "x_0": 10741, "z_0": -3220, "R_0": 0.4295686791832911, "G_0": 0.32265889774421463, "mu_0": 639, "E_0": 4904567501, "vol_0": 113334747}