{"Numero": 79, "x_0": 4203, "z_0": -1549, "R_0": 0.5357911113193137, "G_0": 0.44070170397449554, "mu_0": 812, "E_0": 1703722743, "vol_0": 61208693}