{"Numero": 73, "x_0": 13609, "z_0": -5141, "R_0": 0.2613500542115435, "G_0": 0.6070968808023443, "mu_0": 225, "E_0": 2840621473, "vol_0": 400435397}