{"Numero": 40, "x_0": -2929, "z_0": -7467, "R_0": 0.09303575463063322, "G_0": 0.27649776120338215, "mu_0": 344, "E_0": 2815401055, "vol_0": 182664921}