{"Numero": 29, "x_0": 12741, "z_0": -5302, "R_0": 0.184196211781099, "G_0": 0.38615221823327095, "mu_0": 528, "E_0": 7077657462, "vol_0": 108835174}