{"Numero": 21, "x_0": -6067, "z_0": -2244, "R_0": 0.32140289401263805, "G_0": 0.26015857397751774, "mu_0": 386, "E_0": 1460153950, "vol_0": 48775509}