{"Numero": 97, "x_0": 8229, "z_0": -8392, "R_0": 0.07562321767865958, "G_0": 0.24271762019394044, "mu_0": 694, "E_0": 8284858982, "vol_0": 306558209}