{"Numero": 57, "x_0": 12166, "z_0": -1504, "R_0": 0.17038036929340114, "G_0": 0.3564011130362873, "mu_0": 990, "E_0": 5059769838, "vol_0": 193488214}