{"Numero": 50, "x_0": -12590, "z_0": -5286, "R_0": 0.06589462354495697, "G_0": 0.49879833405547824, "mu_0": 773, "E_0": 6681982215, "vol_0": 328174300}