{"Numero": 87, "x_0": -1609, "z_0": -8589, "R_0": 0.4577656827378574, "G_0": 0.5642922110480892, "mu_0": 967, "E_0": 2323317402, "vol_0": 384602391}