{"Numero": 82, "x_0": 1861, "z_0": -1935, "R_0": 0.43084196257937674, "G_0": 0.2671439727765559, "mu_0": 195, "E_0": 7464819436, "vol_0": 76506462}