{"Numero": 23, "x_0": 9047, "z_0": -9410, "R_0": 0.024515335972020935, "G_0": 0.3292877375966351, "mu_0": 392, "E_0": 7664796649, "vol_0": 426298716}