{"Numero": 36, "x_0": -1630, "z_0": -6257, "R_0": 0.17388059650820287, "G_0": 0.33579343848716936, "mu_0": 235, "E_0": 7202716956, "vol_0": 130062469}