{"Numero": 94, "x_0": -9015, "z_0": -4386, "R_0": 0.07197218054438238, "G_0": 0.6413608942726097, "mu_0": 230, "E_0": 3316484977, "vol_0": 25143500}