{"Numero": 56, "x_0": 4765, "z_0": -7346, "R_0": 0.03905498857344749, "G_0": 0.35031931139318107, "mu_0": 923, "E_0": 7846527777, "vol_0": 178134056}