{"Numero": 30, "x_0": -179, "z_0": -7884, "R_0": 0.5285191862310482, "G_0": 0.7550183842150595, "mu_0": 652, "E_0": 3173537601, "vol_0": 499449979}