{"Numero": 11, "x_0": -7915, "z_0": -4159, "R_0": 0.3085359715875607, "G_0": 0.6142823546864629, "mu_0": 633, "E_0": 3814801864, "vol_0": 294340061}